{"send_times": {"1": {"time": 1734371825.4802353, "attempts": 2}, "2": {"time": 1734371825.5970938, "attempts": 2}, "3": {"time": 1734371825.6769855, "attempts": 2}, "4": {"time": 1734371825.7304213, "attempts": 2}, "5": {"time": 1734371825.8442113, "attempts": 2}, "6": {"time": 1734371825.9716847, "attempts": 2}, "0": {"time": 1734371829.324896, "attempts": 1}, "7": {"time": 1734371833.329394, "attempts": 2}, "8": {"time": 1734371833.5165398, "attempts": 2}, "9": {"time": 1734371833.6524653, "attempts": 2}, "11": {"time": 1734371833.9326954, "attempts": 3}, "12": {"time": 1734371834.012018, "attempts": 3}, "13": {"time": 1734371834.174135, "attempts": 3}, "10": {"time": 1734371834.6144903, "attempts": 2}, "14": {"time": 1734371838.922116, "attempts": 3}, "15": {"time": 1734371838.9925148, "attempts": 3}, "16": {"time": 1734371839.105852, "attempts": 3}, "17": {"time": 1734371843.031928, "attempts": 2}, "19": {"time": 1734371843.154051, "attempts": 2}, "20": {"time": 1734371843.2067254, "attempts": 3}, "18": {"time": 1734371846.7714665, "attempts": 2}, "21": {"time": 1734371847.1390774, "attempts": 4}, "23": {"time": 1734371847.3059947, "attempts": 5}, "22": {"time": 1734371850.9909482, "attempts": 4}, "24": {"time": 1734371851.2571573, "attempts": 4}, "25": {"time": 1734371851.4115007, "attempts": 5}, "26": {"time": 1734371851.5432196, "attempts": 5}, "27": {"time": 1734371859.3625119, "attempts": 4}, "28": {"time": 1734371863.4288018, "attempts": 3}, "29": {"time": 1734371863.547173, "attempts": 3}, "30": {"time": 1734371867.408313, "attempts": 2}, "31": {"time": 1734371867.4770195, "attempts": 2}, "32": {"time": 1734371870.9151154, "attempts": 2}, "33": {"time": 1734371871.0351872, "attempts": 1}, "34": {"time": 1734371871.1510193, "attempts": 2}, "35": {"time": 1734371871.2876089, "attempts": 2}, "37": {"time": 1734371871.6199822, "attempts": 3}, "38": {"time": 1734371871.8043964, "attempts": 3}, "36": {"time": 1734371874.6073165, "attempts": 2}, "39": {"time": 1734371878.918407, "attempts": 3}, "40": {"time": 1734371879.026127, "attempts": 3}, "41": {"time": 1734371879.1532078, "attempts": 2}, "42": {"time": 1734371879.3065782, "attempts": 2}, "44": {"time": 1734371883.2137966, "attempts": 4}, "45": {"time": 1734371883.4056144, "attempts": 4}, "46": {"time": 1734371886.9045877, "attempts": 3}, "47": {"time": 1734371887.0029724, "attempts": 3}, "48": {"time": 1734371887.1182597, "attempts": 3}, "49": {"time": 1734371887.259833, "attempts": 3}, "43": {"time": 1734371890.723995, "attempts": 2}, "50": {"time": 1734371894.7954524, "attempts": 2}, "51": {"time": 1734371894.9915767, "attempts": 1}, "52": {"time": 1734371895.1368375, "attempts": 2}, "53": {"time": 1734371895.2965405, "attempts": 2}, "54": {"time": 1734371895.4867735, "attempts": 2}, "55": {"time": 1734371895.6638515, "attempts": 2}, "56": {"time": 1734371895.8400161, "attempts": 2}, "57": {"time": 1734371901.5290508, "attempts": 2}, "58": {"time": 1734371901.7129865, "attempts": 2}, "59": {"time": 1734371901.86501, "attempts": 2}, "60": {"time": 1734371902.0409005, "attempts": 2}, "61": {"time": 1734371902.157842, "attempts": 2}, "62": {"time": 1734371902.3121796, "attempts": 2}, "63": {"time": 1734371902.4893842, "attempts": 2}, "64": {"time": 1734371905.7942634, "attempts": 2}, "65": {"time": 1734371905.9140277, "attempts": 2}, "66": {"time": 1734371906.1019473, "attempts": 2}, "67": {"time": 1734371906.178457, "attempts": 1}, "68": {"time": 1734371906.2437782, "attempts": 2}, "69": {"time": 1734371906.3184364, "attempts": 2}, "70": {"time": 1734371906.394021, "attempts": 2}, "71": {"time": 1734371911.5735605, "attempts": 2}, "72": {"time": 1734371911.6296504, "attempts": 2}, "73": {"time": 1734371911.7252936, "attempts": 2}, "74": {"time": 1734371911.8328989, "attempts": 2}, "75": {"time": 1734371911.8868778, "attempts": 2}, "76": {"time": 1734371912.0715847, "attempts": 2}, "77": {"time": 1734371912.181522, "attempts": 2}, "78": {"time": 1734371915.5811853, "attempts": 2}, "79": {"time": 1734371915.6769948, "attempts": 2}, "80": {"time": 1734371915.8031714, "attempts": 1}, "81": {"time": 1734371915.9174106, "attempts": 2}, "82": {"time": 1734371915.9933376, "attempts": 2}, "83": {"time": 1734371916.109617, "attempts": 2}, "84": {"time": 1734371917.9338944, "attempts": 2}, "85": {"time": 1734371921.2912142, "attempts": 2}, "86": {"time": 1734371921.3582063, "attempts": 2}, "87": {"time": 1734371921.458483, "attempts": 2}, "88": {"time": 1734371921.5646415, "attempts": 2}, "89": {"time": 1734371921.6959162, "attempts": 1}, "90": {"time": 1734371921.7594657, "attempts": 2}, "91": {"time": 1734371925.265262, "attempts": 2}, "92": {"time": 1734371925.418127, "attempts": 2}, "93": {"time": 1734371925.616439, "attempts": 2}, "94": {"time": 1734371925.8048556, "attempts": 1}, "95": {"time": 1734371925.8643267, "attempts": 2}, "96": {"time": 1734371926.0239923, "attempts": 2}, "97": {"time": 1734371926.0824213, "attempts": 2}, "98": {"time": 1734371931.2480068, "attempts": 1}, "99": {"time": 1734371931.4395888, "attempts": 1}}}