{"send_times": {"1": {"time": 1734371825.5705364, "attempts": 2}, "2": {"time": 1734371825.7531326, "attempts": 2}, "3": {"time": 1734371825.8805442, "attempts": 2}, "4": {"time": 1734371826.0741103, "attempts": 2}, "5": {"time": 1734371826.2307622, "attempts": 2}, "6": {"time": 1734371826.38296, "attempts": 2}, "0": {"time": 1734371829.5919724, "attempts": 1}, "7": {"time": 1734371833.7876246, "attempts": 2}, "8": {"time": 1734371833.875932, "attempts": 2}, "9": {"time": 1734371834.013542, "attempts": 2}, "10": {"time": 1734371834.1075428, "attempts": 2}, "11": {"time": 1734371834.2172177, "attempts": 2}, "12": {"time": 1734371834.408473, "attempts": 2}, "13": {"time": 1734371835.4814885, "attempts": 1}, "14": {"time": 1734371838.9331415, "attempts": 1}, "15": {"time": 1734371839.070196, "attempts": 2}, "16": {"time": 1734371839.1530082, "attempts": 1}, "17": {"time": 1734371839.2117748, "attempts": 1}, "18": {"time": 1734371839.399852, "attempts": 2}, "19": {"time": 1734371839.586358, "attempts": 2}, "20": {"time": 1734371842.8564055, "attempts": 2}, "21": {"time": 1734371843.022972, "attempts": 2}, "22": {"time": 1734371843.1362567, "attempts": 2}, "23": {"time": 1734371843.2924798, "attempts": 2}, "24": {"time": 1734371843.4000797, "attempts": 2}, "25": {"time": 1734371843.508669, "attempts": 2}, "26": {"time": 1734371843.5976686, "attempts": 2}, "27": {"time": 1734371848.3786933, "attempts": 2}, "28": {"time": 1734371848.568277, "attempts": 2}, "29": {"time": 1734371848.6543067, "attempts": 2}, "30": {"time": 1734371848.7626617, "attempts": 2}, "31": {"time": 1734371848.9375992, "attempts": 2}, "32": {"time": 1734371849.039132, "attempts": 1}, "33": {"time": 1734371849.165291, "attempts": 2}, "34": {"time": 1734371852.5039458, "attempts": 2}, "35": {"time": 1734371852.568191, "attempts": 2}, "36": {"time": 1734371852.683381, "attempts": 2}, "37": {"time": 1734371852.759259, "attempts": 2}, "38": {"time": 1734371852.9559507, "attempts": 1}, "39": {"time": 1734371853.1132958, "attempts": 2}, "40": {"time": 1734371853.242282, "attempts": 2}, "41": {"time": 1734371858.1116917, "attempts": 2}, "42": {"time": 1734371858.2991867, "attempts": 2}, "43": {"time": 1734371858.4022264, "attempts": 1}, "44": {"time": 1734371858.4919786, "attempts": 2}, "45": {"time": 1734371858.619189, "attempts": 2}, "46": {"time": 1734371858.688539, "attempts": 2}, "47": {"time": 1734371858.7448785, "attempts": 2}, "48": {"time": 1734371862.3664095, "attempts": 2}, "49": {"time": 1734371862.515841, "attempts": 1}, "50": {"time": 1734371862.6652875, "attempts": 2}, "51": {"time": 1734371862.8046746, "attempts": 2}, "52": {"time": 1734371862.8652153, "attempts": 2}, "53": {"time": 1734371862.984619, "attempts": 2}, "54": {"time": 1734371863.0486772, "attempts": 2}, "55": {"time": 1734371868.0349474, "attempts": 2}, "56": {"time": 1734371868.1370716, "attempts": 2}, "57": {"time": 1734371868.3116107, "attempts": 1}, "58": {"time": 1734371868.4284184, "attempts": 2}, "59": {"time": 1734371868.5795753, "attempts": 2}, "60": {"time": 1734371868.6901252, "attempts": 2}, "61": {"time": 1734371872.0881293, "attempts": 2}, "62": {"time": 1734371872.1520178, "attempts": 2}, "63": {"time": 1734371872.3095844, "attempts": 2}, "64": {"time": 1734371872.4372387, "attempts": 2}, "65": {"time": 1734371872.5360618, "attempts": 2}, "66": {"time": 1734371872.7066998, "attempts": 1}, "67": {"time": 1734371874.2813163, "attempts": 2}, "68": {"time": 1734371877.7167332, "attempts": 2}, "69": {"time": 1734371877.8056586, "attempts": 2}, "70": {"time": 1734371877.9713724, "attempts": 2}, "71": {"time": 1734371878.0605588, "attempts": 2}, "72": {"time": 1734371878.2480543, "attempts": 2}, "73": {"time": 1734371878.3995156, "attempts": 2}, "74": {"time": 1734371881.6950579, "attempts": 2}, "75": {"time": 1734371881.768281, "attempts": 2}, "77": {"time": 1734371882.1445262, "attempts": 3}, "78": {"time": 1734371882.3292139, "attempts": 3}, "79": {"time": 1734371882.4349558, "attempts": 3}, "76": {"time": 1734371883.715843, "attempts": 2}, "80": {"time": 1734371884.263417, "attempts": 3}, "82": {"time": 1734371888.3535242, "attempts": 3}, "81": {"time": 1734371891.94518, "attempts": 2}, "83": {"time": 1734371892.2350821, "attempts": 2}, "84": {"time": 1734371892.3524454, "attempts": 2}, "85": {"time": 1734371895.8649652, "attempts": 2}, "86": {"time": 1734371895.9395206, "attempts": 1}, "87": {"time": 1734371896.0182283, "attempts": 1}, "88": {"time": 1734371896.1099622, "attempts": 2}, "90": {"time": 1734371896.2524333, "attempts": 3}, "91": {"time": 1734371896.3937142, "attempts": 3}, "89": {"time": 1734371897.3822744, "attempts": 2}, "92": {"time": 1734371901.2103553, "attempts": 2}, "93": {"time": 1734371901.4092357, "attempts": 2}, "94": {"time": 1734371901.530043, "attempts": 2}, "95": {"time": 1734371901.7049136, "attempts": 2}, "98": {"time": 1734371905.562947, "attempts": 5}, "97": {"time": 1734371908.8754385, "attempts": 3}, "99": {"time": 1734371909.152506, "attempts": 4}, "96": {"time": 1734371916.0701504, "attempts": 1}}}