{"receive_times": {"0": 1734371829.431733, "1": 1734371829.5605214, "2": 1734371829.6645222, "3": 1734371829.8647742, "4": 1734371830.0052304, "5": 1734371830.1002104, "6": 1734371830.1982498, "7": 1734371833.4098806, "8": 1734371833.6055315, "9": 1734371833.7875369, "10": 1734371834.9452782, "11": 1734371835.124074, "12": 1734371835.178104, "13": 1734371835.3435426, "14": 1734371839.066229, "15": 1734371839.2536433, "16": 1734371839.4392529, "17": 1734371843.1490557, "18": 1734371846.9566023, "19": 1734371847.0601115, "20": 1734371854.8816125, "21": 1734371858.918824, "22": 1734371859.0951355, "23": 1734371862.829718, "24": 1734371863.0251398, "25": 1734371866.9302874, "26": 1734371867.072966, "27": 1734371867.1878793, "28": 1734371867.3158102, "29": 1734371867.469045, "30": 1734371867.607848, "31": 1734371867.7459893, "32": 1734371870.998631, "33": 1734371871.2281024, "34": 1734371871.3208225, "35": 1734371871.4534855, "36": 1734371874.905301, "37": 1734371875.0925577, "38": 1734371875.2715337, "39": 1734371878.9750617, "40": 1734371879.0914025, "41": 1734371879.2298744, "42": 1734371879.3721519, "43": 1734371890.9001129, "44": 1734371890.959137, "45": 1734371891.0812173, "46": 1734371891.1489406, "47": 1734371891.3451684, "48": 1734371891.468291, "49": 1734371891.6458826, "50": 1734371894.9311824, "51": 1734371895.0737224, "52": 1734371895.2904518, "53": 1734371895.4113946, "54": 1734371895.5471234, "55": 1734371895.7706926, "56": 1734371895.999014, "57": 1734371901.6203904, "58": 1734371901.855221, "59": 1734371901.9483974, "60": 1734371902.224943, "61": 1734371902.3618586, "62": 1734371902.4148777, "63": 1734371902.6374803, "64": 1734371905.8524754, "65": 1734371906.0768673, "66": 1734371906.2194862, "67": 1734371906.4201088, "68": 1734371906.5614445, "69": 1734371906.7262588, "70": 1734371906.8574665, "71": 1734371911.738559, "72": 1734371911.8938742, "73": 1734371912.0394938, "74": 1734371912.1120892, "75": 1734371912.2096572, "76": 1734371912.3601348, "77": 1734371912.5215316, "78": 1734371915.6420588, "79": 1734371915.8703156, "80": 1734371915.9766252, "81": 1734371916.0736706, "82": 1734371916.168693, "83": 1734371916.276358, "84": 1734371918.1022747, "85": 1734371921.4962807, "86": 1734371921.5759835, "87": 1734371921.7104142, "88": 1734371921.8030064, "89": 1734371921.9882188, "90": 1734371922.0930293, "91": 1734371925.4315827, "92": 1734371925.4838154, "93": 1734371925.7733634, "94": 1734371925.9418404, "95": 1734371926.035165, "96": 1734371926.1829193, "97": 1734371926.3360407, "98": 1734371931.3932538, "99": 1734371931.5166035}}