{"receive_times": {"0": 1734371829.6446505, "1": 1734371829.8814933, "2": 1734371830.084152, "3": 1734371830.1890168, "4": 1734371830.3635786, "5": 1734371830.4872677, "6": 1734371830.611834, "7": 1734371833.8473327, "8": 1734371833.9830656, "9": 1734371834.0776231, "10": 1734371834.2395573, "11": 1734371834.3455374, "12": 1734371834.5263638, "13": 1734371835.699096, "14": 1734371839.0738666, "15": 1734371839.1255105, "16": 1734371839.2048252, "17": 1734371839.2862089, "18": 1734371839.555067, "19": 1734371839.6543376, "20": 1734371843.0338526, "21": 1734371843.1553798, "22": 1734371843.3342347, "23": 1734371843.5157254, "24": 1734371843.6928525, "25": 1734371843.761529, "26": 1734371843.8489623, "27": 1734371848.528659, "28": 1734371848.69973, "29": 1734371848.7628257, "30": 1734371848.848761, "31": 1734371849.0030036, "32": 1734371849.1319704, "33": 1734371849.336774, "34": 1734371852.6148918, "35": 1734371852.8075104, "36": 1734371852.8776398, "37": 1734371852.9585764, "38": 1734371853.0371087, "39": 1734371853.2828815, "40": 1734371853.378866, "41": 1734371858.191942, "42": 1734371858.4939964, "43": 1734371858.6026592, "44": 1734371858.6993122, "45": 1734371858.8619728, "46": 1734371859.063893, "47": 1734371859.2461026, "48": 1734371862.5238838, "49": 1734371862.6198628, "50": 1734371862.7946794, "51": 1734371862.8619745, "52": 1734371863.000463, "53": 1734371863.1976082, "54": 1734371863.369517, "55": 1734371868.1489754, "56": 1734371868.3076575, "57": 1734371868.366213, "58": 1734371868.5633419, "59": 1734371868.7488537, "60": 1734371868.8910208, "61": 1734371872.2595005, "62": 1734371872.3632994, "63": 1734371872.5210872, "64": 1734371872.6678643, "65": 1734371872.810069, "66": 1734371872.9347236, "67": 1734371874.4474697, "68": 1734371877.8305871, "69": 1734371877.959885, "70": 1734371878.0693526, "71": 1734371878.1574461, "72": 1734371878.3020692, "73": 1734371878.550209, "74": 1734371881.8061166, "75": 1734371881.8639348, "76": 1734371883.7913933, "77": 1734371883.9374344, "78": 1734371887.870012, "79": 1734371891.959798, "80": 1734371892.068908, "81": 1734371892.1762133, "82": 1734371892.3261828, "83": 1734371892.4807916, "84": 1734371892.663831, "85": 1734371896.0248232, "86": 1734371896.1548488, "87": 1734371896.23336, "88": 1734371896.4235694, "89": 1734371897.464531, "90": 1734371897.6655996, "91": 1734371897.8133976, "92": 1734371901.4716406, "93": 1734371901.5572622, "94": 1734371901.6388078, "95": 1734371901.797042, "96": 1734371916.2577813, "97": 1734371919.735016, "98": 1734371919.8668015, "99": 1734371919.9544506}}